scenario,year,urban_cooling_adoption,water_cycle_restoration,soil_moisture_recovery,vegetation_transpiration_recovery,waste_heat_reduction,building_efficiency,rainwater_reuse,treated_water_reuse,organic_matter_restoration,ocean_cooling_support,heat_load_index,urban_heat_index,surface_temperature_index,water_cycle_index,soil_moisture_index,vegetation_transpiration_index,waste_heat_index,cooling_demand_index,ecological_cooling_index,water_stress_penalty,humidity_risk_penalty,ecological_risk_penalty,cooling_credit_score
Baseline / No Cooling Credit,0,0.0,0.0,0.0,0.0,0.0,0.0,0.0,0.0,0.0,0.0,100.0,100.0,100.0,100.0,100.0,100.0,100.0,100.0,100.0,0.0,0.0,0.0,0.0
Baseline / No Cooling Credit,1,0.0003402291497999467,0.0002268194331999645,0.0002268194331999645,0.0002268194331999645,0.00011340971659998225,0.0003402291497999467,0.00011340971659998225,0.00011340971659998225,0.0002268194331999645,0.0,100.40718470202421,100.33945289635619,100.2900199449392,99.90691799271261,99.8854436663968,99.9263509441296,100.2342161044534,100.2719479101214,99.9286191384616,0.00014516443724797728,0.0,0.0,-0.24352441872867858
Baseline / No Cooling Credit,2,0.0007617626820117596,0.0005078417880078397,0.0005078417880078397,0.0005078417880078397,0.00025392089400391987,0.0007617626820117596,0.00025392089400391987,0.00025392089400391987,0.0005078417880078397,0.0,100.81130693897757,100.67638535685764,100.57765496132765,99.81548917453424,99.77218820291219,99.85421957006422,100.4670500344058,100.54197161652573,99.8592979879443,0.0003250187443250174,0.0,0.0,-0.4848083596926991
Baseline / No Cooling Credit,3,0.0012806459652369494,0.0008537639768246329,0.0008537639768246329,0.0008537639768246329,0.00042688198841231645,0.0012806459652369494,0.00042688198841231645,0.00042688198841231645,0.0008537639768246329,0.0,101.21176233530942,101.01029997507766,100.86243438501972,99.72603980129315,99.6604903354438,99.7839053913511,100.69822901859096,100.80969137882273,99.79244303111935,0.0005464089451677651,0.0,0.0,-0.7234096660179525
Baseline / No Cooling Credit,4,0.0019142746256481272,0.0012761830837654182,0.0012761830837654182,0.0012761830837654182,0.0006380915418827091,0.0019142746256481272,0.0006380915418827091,0.0006380915418827091,0.0012761830837654182,0.0,101.60789565576727,101.34065748660491,101.14384794431433,99.63892358405484,99.55062839401036,99.71573312634544,100.92745733136398,101.07469550052633,99.72849495718309,0.0008167571736098677,0.0,0.0,-0.9588489722325613
Baseline / No Cooling Credit,5,0.002680512078532376,0.0017870080523549174,0.0017870080523549174,0.0017870080523549174,0.0008935040261774587,0.002680512078532376,0.0008935040261774587,0.0008935040261774587,0.0017870080523549174,0.0,101.99903404504194,101.6669041255655,101.42137164569638,99.55450374559682,99.44288819325652,99.65003622546593,101.15443129466495,101.33656121414141,99.66790630598948,0.001143685153507147,0.0,0.0,-1.1906340221559109
Baseline / No Cooling Credit,6,0.0035962557462991623,0.002397503830866108,0.002397503830866108,0.002397503830866108,0.001198751915433054,0.0035962557462991623,0.001198751915433054,0.001198751915433054,0.002397503830866108,0.0,102.38454103355606,101.98851607186472,101.69450983144189,99.47312386684142,99.33754009194078,99.58713010726424,101.37886365231292,101.59488861400426,99.6111051455729,0.0015344024517543093,0.0,0.0,-1.4182991791511506
Baseline / No Cooling Credit,7,0.004675388410746365,0.0031169256071642434,0.0031169256071642434,0.0031169256071642434,0.0015584628035821217,0.004675388410746365,0.0015584628035821217,0.0015584628035821217,0.0031169256071642434,0.0,102.76389370319522,102.30506295926686,101.96285527328477,99.3950662310185,99.23480621457193,99.5272739170006,101.60051839701732,101.84934914094566,99.55844317307223,0.0019948323885851157,0.0,0.0,-1.6414618800278704
Baseline / No Cooling Credit,8,0.005926180146039247,0.003950786764026165,0.003950786764026165,0.003950786764026165,0.0019753933820130824,0.005926180146039247,0.0019753933820130824,0.0019753933820130824,0.003950786764026165,0.0,103.13678054783252,102.61628841547278,102.22616538238286,99.3204989963028,99.13481888233663,99.47062202939273,101.81925493751733,102.09974706987707,99.510129897033,0.0025285035289767453,0.0,0.0,-1.8598942291089746
Baseline / No Cooling Credit,9,0.007348415506163404,0.004898943670775603,0.004898943670775603,0.004898943670775603,0.0024494718353878014,0.007348415506163404,0.0024494718353878014,0.0024494718353878014,0.004898943670775603,0.0,103.50320968260118,102.92219911930894,102.48444647848588,99.24941778195866,99.03757464809861,99.41717042278172,102.03507693639521,102.34608749968746,99.46615985948948,0.003135323949296386,0.0,0.0,-2.0736021633684887
Baseline / No Cooling Credit,10,0.008930776847979336,0.005953851231986224,0.005953851231986224,0.005953851231986224,0.002976925615993112,0.008930776847979336,0.002976925615993112,0.002976925615993112,0.005953851231986224,0.0,103.86360740539278,103.22314591771264,102.73803054579261,99.18159246257558,98.94289242956766,99.36670783449561,102.24817679358436,102.58863828126448,99.42624634681547,0.0038104647884711837,0.0,0.0,-2.282897559325853
Baseline / No Cooling Credit,11,0.010649223848509737,0.007099482565673158,0.007099482565673158,0.007099482565673158,0.003549741282836579,0.010649223848509737,0.003549741282836579,0.003549741282836579,0.007099482565673158,0.0,104.21887923503947,103.5198740606962,102.98762276711038,99.11653421825304,98.85038758157616,99.31878551183885,102.45896319457533,102.8279683689186,99.38978033749558,0.004543668842030822,0.0,0.0,-2.4884428881478975
Baseline / No Cooling Credit,12,0.012467129425659439,0.008311419617106294,0.008311419617106294,0.008311419617106294,0.004155709808553147,0.012467129425659439,0.004155709808553147,0.004155709808553147,0.008311419617106294,0.0,104.5704047916335,103.81351898780456,103.23429753684732,99.05349829832174,98.75947407081055,99.27271974927898,102.66805879976378,103.06494460359272,99.35583394545004,0.005319308554948028,0.0,0.0,-2.6912474701269122
Baseline / No Cooling Credit,13,0.014337642473704604,0.00955842831580307,0.00955842831580307,0.00955842831580307,0.004779214157901535,0.014337642473704604,0.004779214157901535,0.004779214157901535,0.00955842831580307,0.0,104.91994880015712,104.10553308331515,103.47942915410466,98.991532063632,98.66940227957927,99.22763599284248,102.87626007794702,103.30067579478899,99.32322027600051,0.006117394122113965,0.0,0.0,-2.892602365566278
Baseline / No Cooling Credit,14,0.01620815552174977,0.010805437014499849,0.010805437014499849,0.010805437014499849,0.005402718507249924,0.01620815552174977,0.005402718507249924,0.005402718507249924,0.010805437014499849,0.0,105.26949280868075,104.39754717882576,103.72456077136201,98.92956582894224,98.57933048834799,99.182552236406,103.08446135613025,103.53640698598525,99.290606606551,0.0069154796892799035,0.0,0.0,-3.093957261005647
Baseline / No Cooling Credit,15,0.018026061098899475,0.012017374065932984,0.012017374065932984,0.012017374065932984,0.006008687032966492,0.018026061098899475,0.006008687032966492,0.006008687032966492,0.012017374065932984,0.0,105.62101836527478,104.69119210593412,103.97123554109895,98.86652990901095,98.48841697758239,99.13648647384612,103.2935569613187,103.77338322065938,99.25666021450544,0.0076911194021971096,0.0,0.0,-3.296761842984661
Baseline / No Cooling Credit,16,0.019744508099429875,0.013163005399619919,0.013163005399619919,0.013163005399619919,0.0065815026998099595,0.019744508099429875,0.0065815026998099595,0.0065815026998099595,0.013163005399619919,0.0,105.97629019492148,104.98792024891767,104.22082776241672,98.8014716646884,98.39591212959088,99.08856415118936,103.5043433623097,104.0127133083135,99.22019420518555,0.008424323455756748,0.0,0.0,-3.5023071718067116
Baseline / No Cooling Credit,17,0.02132686944124581,0.01421791296083054,0.01421791296083054,0.01421791296083054,0.00710895648041527,0.02132686944124581,0.00710895648041527,0.00710895648041527,0.01421791296083054,0.0,106.33668791771308,105.28886704732139,104.47441182972345,98.73364634530533,98.30122991105992,99.03810156290325,103.71744321949882,104.25526408989052,99.18028069251156,0.009099464294931546,0.0,0.0,-3.711602567764073
Baseline / No Cooling Credit,18,0.022749104801369963,0.015166069867579977,0.015166069867579977,0.015166069867579977,0.007583034933789989,0.022749104801369963,0.007583034933789989,0.007583034933789989,0.015166069867579977,0.0,106.70311705248173,105.59477775115752,104.73269292582648,98.6625651309612,98.20398567682193,98.98464995629224,103.9332652183767,104.50160451970092,99.13631065496804,0.009706284715251185,0.0,0.0,-3.9253105020235766
Baseline / No Cooling Credit,19,0.023999896536662853,0.015999931024441902,0.015999931024441902,0.015999931024441902,0.007999965512220951,0.023999896536662853,0.007999965512220951,0.007999965512220951,0.015999931024441902,0.0,107.07600389711904,105.90600320736345,104.99600303492456,98.58799789624547,98.1039983445866,98.92799806868437,104.15200175887674,104.75200244863231,99.08799737892879,0.010239955855642817,0.0,0.0,-4.143742851104699
Baseline / No Cooling Credit,20,0.02507902920111005,0.016719352800740037,0.016719352800740037,0.016719352800740037,0.008359676400370018,0.02507902920111005,0.008359676400370018,0.008359676400370018,0.016719352800740037,0.0,107.4553565667582,106.2225500947656,105.26434847676744,98.50994026042257,98.00126446721775,98.86814187842073,104.37365650358113,105.00646297557373,99.03533540642813,0.010700385792473623,0.0,0.0,-4.3669055519814135
Baseline / No Cooling Credit,21,0.025994772868876838,0.017329848579251225,0.017329848579251225,0.017329848579251225,0.008664924289625613,0.025994772868876838,0.008664924289625613,0.008664924289625613,0.017329848579251225,0.0,107.84086355527229,106.54416204106481,105.53748666251295,98.42856038166717,97.89591636590204,98.80523576021903,104.5980888612291,105.26479037543658,98.97853424601153,0.011091103090720785,0.0,0.0,-4.594570708976646
Baseline / No Cooling Credit,22,0.026761010321761085,0.017840673547840726,0.017840673547840726,0.017840673547840726,0.008920336773920363,0.026761010321761085,0.008920336773920363,0.008920336773920363,0.017840673547840726,0.0,108.232001944547,106.8704086800254,105.815010363895,98.34414054320914,97.78817616514817,98.73953885933953,104.82506282453006,105.52665608905166,98.91794559481794,0.011418031070618064,0.0,0.0,-4.826355758900006
Baseline / No Cooling Credit,23,0.027394638982172263,0.018263092654781512,0.018263092654781512,0.018263092654781512,0.009131546327390756,0.027394638982172263,0.009131546327390756,0.009131546327390756,0.018263092654781512,0.0,108.62813526500484,107.20076619155266,106.09642392318962,98.25702432597083,97.67831422371475,98.67136659433388,105.05429113730307,105.79166021075525,98.85399752088169,0.011688379299060168,0.0,0.0,-5.061795065114608
Baseline / No Cooling Credit,24,0.027913522265397454,0.018609014843598306,0.018609014843598306,0.018609014843598306,0.009304507421799153,0.027913522265397454,0.009304507421799153,0.009304507421799153,0.018609014843598306,0.0,109.0285906613367,107.53468080977268,106.38120334688168,98.16757495272974,97.56661635624637,98.60105241562076,105.28547012148825,106.05937997305226,98.78714256405674,0.011909769499902917,0.0,0.0,-5.300396371439865
Baseline / No Cooling Credit,25,0.028335055797609265,0.01889003719840618,0.01889003719840618,0.01889003719840618,0.00944501859920309,0.028335055797609265,0.00944501859920309,0.00944501859920309,0.01889003719840618,0.0,109.43271289829005,107.87161327027411,106.66883836327013,98.0761461345514,97.45336089276175,98.52892104155538,105.51830405144064,106.32940367945658,98.71782141353944,0.012089623806979954,0.0,0.0,-5.541680312403877
Baseline / No Cooling Credit,26,0.028675284947409212,0.019116856631606144,0.019116856631606144,0.019116856631606144,0.009558428315803072,0.028675284947409212,0.009558428315803072,0.009558428315803072,0.019116856631606144,0.0,109.83989760031426,108.2110661666303,106.95885830820933,97.98306412726399,97.33880455915855,98.45527198568497,105.75252015589403,106.60135158957799,98.64644055200104,0.012234788244227933,0.0,0.0,-5.785204731132558
Baseline / No Cooling Credit,27,0.02894845364617076,0.019298969097447178,0.019298969097447178,0.019298969097447178,0.009649484548723589,0.02894845364617076,0.009649484548723589,0.009649484548723589,0.019298969097447178,0.0,110.24960824599424,108.55259793696871,107.25084535971232,97.88861855747214,97.22317525833874,98.38037113472852,105.9878762880151,106.87488659704063,98.57336082570299,0.012351340222366194,0.0,0.0,-6.0305771123570215
Baseline / No Cooling Credit,28,0.029166856754949087,0.01944457116996606,0.01944457116996606,0.01944457116996606,0.00972228558498303,0.029166856754949087,0.00972228558498303,0.00972228558498303,0.01944457116996606,0.0,110.66138172889693,108.89582744059658,107.5444388685215,97.79305942068397,97.10666970807918,98.30444799275905,106.22416343516586,107.14971772346621,98.49889370445871,0.012444525548778278,0.0,0.0,-6.277458650689454
Baseline / No Cooling Credit,29,0.02934088580026115,0.019560590533507435,0.019560590533507435,0.019560590533507435,0.009780295266753718,0.02934088580026115,0.009780295266753718,0.009780295266753718,0.019560590533507435,0.0,111.07482663485683,109.2404325401919,107.83933401652567,97.69659801127197,96.98945417280417,98.22769653493822,106.46120494139555,107.42559903606049,98.42330244027329,0.012518777941444759,0.0,0.0,-6.525562990297468
Baseline / No Cooling Credit,30,0.029479184132557703,0.019652789421705136,0.019652789421705136,0.019652789421705136,0.009826394710852568,0.029479184132557703,0.009826394710852568,0.009826394710852568,0.019652789421705136,0.0,111.48961739767365,109.58614529189072,108.13527726544497,97.59941007736201,96.87166694612092,98.15027810380774,106.69885386974653,107.70232597552948,98.34680599802479,0.012577785229891288,0.0,0.0,-6.774651949253821
Low Adoption,0,0.0,0.0,0.0,0.0,0.0,0.0,0.0,0.0,0.0,0.0,100.0,100.0,100.0,100.0,100.0,100.0,100.0,100.0,100.0,0.0,0.0,0.0,0.0
Low Adoption,1,0.0024950137651996093,0.0020413748987996804,0.001814555465599716,0.0020413748987996804,0.0015877360323997517,0.002268194331999645,0.001814555465599716,0.0013609165991997868,0.001814555465599716,0.000453638866399929,100.30953893603161,100.26607680971601,100.2201595595136,99.9696335659924,99.92717844210559,99.9748903028344,100.18896562753001,100.21807829473642,99.99507723238919,0.004173477570879347,0.0,0.0,-0.17476750984560666
Low Adoption,2,0.005586259668086237,0.004570576092070558,0.004062734304062718,0.004570576092070558,0.0035548925160548786,0.005078417880078397,0.004062734304062718,0.0030470507280470384,0.004062734304062718,0.0010156835760156795,100.59268104924018,100.5120985384371,100.42123969062123,99.95590742891841,99.86563109190564,99.9628977126979,100.36573559769823,100.42135919187386,100.0080956318306,0.009344288899344251,0.0,0.0,-0.3308637392849383
Low Adoption,3,0.009391403745070961,0.007683875791421695,0.006830111814597063,0.007683875791421695,0.00597634783777243,0.008537639768246329,0.006830111814597063,0.005122583860947797,0.006830111814597063,0.0017075279536492658,100.84421694328641,100.73410732857488,100.59947508015773,99.96210554088516,99.81758290717953,99.96661088239156,100.52790310521446,100.60692243432688,100.04259587632896,0.015709257173573243,0.0,0.0,-0.46460392290321895
Low Adoption,4,0.014038013921419599,0.011485647753888762,0.010209464670123345,0.011485647753888762,0.008933281586357927,0.012761830837654182,0.010209464670123345,0.007657098502592509,0.010209464670123345,0.0025523661675308363,101.05849883820625,100.9278122590068,100.75078355451457,99.99178820671598,99.7854460814232,99.98883630627124,100.67285880615277,100.77160201813204,100.10241660072636,0.023481768741283694,0.0,0.0,-0.5719932131353274
Low Adoption,5,0.01965708857590409,0.016083072471194254,0.014296064418839339,0.016083072471194254,0.012509056366484422,0.017870080523549173,0.014296064418839339,0.010722048314129503,0.014296064418839339,0.0035740161047098347,101.22972707850315,101.08880702062868,100.87097316557107,100.04861147207296,99.77169767488982,100.03245594866988,100.79792318822015,100.91214680170711,100.19149966532947,0.032880948163330474,0.0,0.0,-0.6489293362053016
Low Adoption,6,0.02637254213952719,0.021577534477794973,0.019180030646928865,0.021577534477794973,0.016782526816062758,0.023975038308661083,0.019180030646928865,0.014385022985196649,0.019180030646928865,0.004795007661732216,101.3524156343682,101.21292358257953,100.95607865153512,100.1360336760759,99.77868079682015,100.10019592706959,100.90056163805512,101.02548145417356,100.31357376801668,0.04411407048793639,0.0,0.0,-0.6915318553815497
Low Adoption,7,0.034286181678806676,0.02805233046447819,0.024935404857313947,0.02805233046447819,0.021818479250149705,0.031169256071642434,0.024935404857313947,0.01870155364298546,0.024935404857313947,0.006233851214328487,101.42205722931101,101.29673752534923,101.00284218627819,100.25689616139942,99.80832052629016,100.19429599693375,100.97869173838805,101.10907930924415,100.47170237597136,0.05735143117182208,0.0,0.0,-0.696612636100132
Low Adoption,8,0.04345865440428782,0.035557080876235485,0.03160629411220932,0.035557080876235485,0.02765550734818316,0.03950786764026165,0.03160629411220932,0.02370472058415699,0.03160629411220932,0.00790157352805233,101.43596684591925,101.33820889731031,101.0093230590628,100.41289153655603,99.86176364691745,100.31609039689432,101.03107297809412,101.16143521342086,100.66771041889265,0.07269447645808143,0.0,0.0,-0.6622724833959055
Low Adoption,9,0.05388838037853163,0.04409049303698043,0.03919154936620482,0.04409049303698043,0.034292605695429225,0.04898943670775603,0.03919154936620482,0.029393662024653617,0.03919154936620482,0.009797887341551206,101.39421443233228,101.33739084181303,100.975571827887,100.60397570692811,99.93898028352133,100.4655443683277,101.05773767407548,101.18258837787826,100.90155035502673,0.0901405635422711,0.0,0.0,-0.5885608737279254
Low Adoption,10,0.06549236355184845,0.05358466108787601,0.04763080985588979,0.05358466108787601,0.04167695862390357,0.059538512319862236,0.04763080985588979,0.03572310739191734,0.04763080985588979,0.011907702463972448,101.3004744500227,101.2970750441651,100.90424436634085,100.82783232821977,100.03840105625314,100.64083199814067,101.06038347280311,101.17459861366775,101.17072475778744,0.10955086266854652,0.0,0.0,-0.47807686611770495
Low Adoption,11,0.07809430822240475,0.06389534309105843,0.05679586052538527,0.06389534309105843,0.049696377959712115,0.07099482565673158,0.05679586052538527,0.04259689539403895,0.05679586052538527,0.014198965131346317,101.16255199051717,101.22319145070092,100.80098213688305,101.07954114766167,100.15669237366002,100.83807478089291,101.04261642272354,101.14184125957122,101.46992872923782,0.1306304792083861,0.0,0.0,-0.3363412406025618
Low Adoption,12,0.09142561578816923,0.07480277655395663,0.06649135693685035,0.07480277655395663,0.05817993731974405,0.08311419617106293,0.06649135693685035,0.049868517702637755,0.06649135693685035,0.016622839234212587,100.99233864646924,101.12477474167068,100.67438029477857,101.35160582245163,100.28877528035811,101.05136354733973,101.00993058615109,101.09098244452998,101.7910798932622,0.15293012095475578,0.0,0.0,-0.1717652844953942
Low Adoption,13,0.10514271147383378,0.08602585484222763,0.07646742652642456,0.08602585484222763,0.0669089982106215,0.0955842831580307,0.07646742652642456,0.05735056989481842,0.07646742652642456,0.01911685663160614,100.8050454102039,101.01338152315286,100.53543323283732,101.63443749295155,100.42815308968704,101.27313965242433,100.96935362894432,101.03054906978576,102.12383977253081,0.1758750810107765,0.0,0.0,0.004891801944683805
Low Adoption,14,0.11885980715949833,0.09724893313049862,0.08644349611599879,0.09724893313049862,0.07563805910149894,0.10805437014499848,0.08644349611599879,0.06483262208699908,0.08644349611599879,0.021610874028999697,100.61775217393857,100.90198830463507,100.39648617089605,101.91726916345145,100.56753089901596,101.49491575750896,100.92877667173754,100.97011569504154,102.45659965179945,0.19882004106679718,0.0,0.0,0.18154888838476058
Low Adoption,15,0.13219111472526282,0.10815636659339685,0.09613899252746387,0.10815636659339685,0.08412161846153089,0.12017374065932984,0.09613899252746387,0.0721042443955979,0.09613899252746387,0.024034748131865968,100.44753882989063,100.8035715956048,100.26988432879159,102.18933383824142,100.69961380571407,101.70820452395579,100.89609083516507,100.9192568800003,102.77775081582382,0.22111968281316688,0.0,0.0,0.34612484449193814
Low Adoption,16,0.1447930593958191,0.11846704859657926,0.10530404319695935,0.11846704859657926,0.09214103779733944,0.13163005399619918,0.10530404319695935,0.0789780323977195,0.10530404319695935,0.026326010799239838,100.3096163703851,100.72968800214062,100.16662209933378,102.44104265768333,100.81790512312094,101.90544730670801,100.87832378508553,100.88649952590377,103.07695478727419,0.2421992993530065,0.0,0.0,0.4878604700070725
Low Adoption,17,0.15639704256913592,0.12796121664747484,0.11374330368664431,0.12796121664747484,0.09952539072581378,0.1421791296083054,0.11374330368664431,0.08530747776498324,0.11374330368664431,0.02843582592166108,100.21587638807553,100.6893722044927,100.09529463778765,102.66489927897497,100.91732589585274,102.080734936521,100.88096958381313,100.87850976169327,103.34612919003492,0.26160959847928195,0.0,0.0,0.5983444776172957
Low Adoption,18,0.16682676854337974,0.13649462880821978,0.12132855894063982,0.13649462880821978,0.10616248907305985,0.1516606986757998,0.12132855894063982,0.09099641920547985,0.12132855894063982,0.030332139735159955,100.17412397448855,100.68855414899541,100.06154340661186,102.85598344934705,100.99454253245663,102.23018890795436,100.9076342797945,100.89966292615067,103.57996912616898,0.27905568556347154,0.0,0.0,0.6720560872852761
Low Adoption,19,0.17599924126886093,0.1439993792199771,0.12799944819553521,0.1439993792199771,0.11199951717109333,0.15999931024441905,0.12799944819553521,0.09599958614665141,0.12799944819553521,0.031999862048883804,100.1880335910968,100.7300255209565,100.06802427939645,103.01197882450366,101.04798565308391,102.35198330791495,100.96001551950057,100.95201883032735,103.77597716909027,0.294398730849731,0.0,0.0,0.7063962399895009
Low Adoption,20,0.1839128808081404,0.15047417520666032,0.1337548224059203,0.15047417520666032,0.11703546960518026,0.16719352800740037,0.1337548224059203,0.1003161168044402,0.1337548224059203,0.03343870560148007,100.2576751860396,100.81383946372618,100.1147878141395,103.13284130982719,101.07762538255392,102.44608337777909,101.03814561983349,101.03561668539797,103.93410577704496,0.30763609153361665,0.0,0.0,0.7013154592709203
Low Adoption,21,0.1906283343717635,0.155968637213261,0.1386387886340098,0.155968637213261,0.12130894005475859,0.17329848579251228,0.1386387886340098,0.10397909147550735,0.1386387886340098,0.03465969715850245,100.38036374190465,100.93795602567704,100.19989330010357,103.22026351383013,101.08460850448427,102.51382335617879,101.14078406966848,101.1489513378644,104.05617987973214,0.31886921385822253,0.0,0.0,0.6587129400946723
Low Adoption,22,0.19624740902624796,0.16056606193056652,0.1427253883827258,0.16056606193056652,0.12488471483488509,0.17840673547840724,0.1427253883827258,0.10704404128704434,0.1427253883827258,0.03568134709568145,100.55159198220156,101.09895078729893,100.32008291116006,103.2770867791871,101.07086009795087,102.55744299857744,101.26584845173583,101.28949612143948,104.14526294433527,0.32826839328026935,0.0,0.0,0.5817768170246943
Low Adoption,23,0.2008940192025966,0.16436783389303358,0.1461047412382521,0.16436783389303358,0.12784164858347058,0.1826309265478151,0.1461047412382521,0.10957855592868905,0.1461047412382521,0.036526185309563024,100.76587387712141,101.29265571773084,100.47139138551691,103.30676944501792,101.03872327219455,102.57966842245712,101.41080415267416,101.45417570524465,104.20508366873268,0.33604090484797977,0.0,0.0,0.47438752679258434
Low Adoption,24,0.20469916327958135,0.16748113359238473,0.14887211874878645,0.16748113359238473,0.13026310390518814,0.18609014843598304,0.14887211874878645,0.11165408906158981,0.14887211874878645,0.03721802968719661,101.01740977116762,101.51466450786863,100.6496267750534,103.31296755698467,100.99067508746845,102.58338159215079,101.57297166019039,101.63973894769767,104.23958391323103,0.3424058731222088,0.0,0.0,0.3406473431743047
Low Adoption,25,0.20779040918246797,0.17001033478565558,0.15112029758724943,0.17001033478565558,0.13223026038884325,0.1889003719840618,0.15112029758724943,0.11334022319043706,0.15112029758724943,0.03778007439681236,101.30055188437619,101.76068623658972,100.85070690616102,103.2992414199107,100.92912773726849,102.5713890020143,101.74974163035861,101.84301984483511,104.25260231267245,0.3475766844506737,0.0,0.0,0.18455111373497746
Low Adoption,26,0.21028542294766758,0.17205170968445527,0.15293485305284915,0.17205170968445527,0.133817996421243,0.19116856631606144,0.15293485305284915,0.11470113978963685,0.15293485305284915,0.03823371326321229,101.6100908204078,102.02676304630572,101.07086646567464,103.2688749859031,100.85630617937407,102.5462793048487,101.93870725788861,102.06109813957153,104.24767954506163,0.35175016202155307,0.0,0.0,0.00978360388937255
Low Adoption,27,0.21228866007191893,0.17369072187702458,0.15439175277957742,0.17369072187702458,0.13509278368213024,0.19298969097447177,0.15439175277957742,0.11579381458468305,0.15439175277957742,0.038597938194894356,101.94140204954323,102.30938143394455,101.30676287769859,103.22478351291628,100.77418557226902,102.51035052158223,102.1377319530744,102.29138143639692,104.22795877125502,0.35510103139302807,0.0,0.0,-0.18038411500237295
Low Adoption,28,0.21389028286962664,0.1750011405296945,0.15555656935972847,0.1750011405296945,0.1361119981897624,0.1944457116996606,0.15555656935972847,0.11666742701979635,0.15555656935972847,0.03888914233993212,102.29049384022653,102.60550866711256,101.55551094817196,103.16948334917959,100.68447080335294,102.4655862231318,102.34497148675763,102.53163207059927,104.19615305725877,0.3577801095273755,0.0,0.0,-0.38312856908178994
Low Adoption,29,0.21516649586858178,0.1760453148015669,0.15648472426805948,0.1760453148015669,0.13692413373455206,0.19560590533507435,0.15648472426805948,0.1173635432010446,0.15648472426805948,0.03912118106701487,102.65399241018189,102.91258150260225,101.81467213220539,103.10510129378677,100.58860283096953,102.41366290910881,102.55886712996082,102.77995878435247,104.15455546659096,0.3599148658165368,0.0,0.0,-0.5960633789226959
Low Adoption,30,0.2161806836387565,0.17687510479534624,0.1572223153736411,0.17687510479534624,0.13756952595193597,0.19652789421705139,0.1572223153736411,0.11791673653023081,0.1572223153736411,0.03930557884341027,103.02909155162959,103.2284679139691,102.08221812355978,103.03340635246347,100.48778019971468,102.35597504005264,102.77812238011634,103.03478848787451,104.1050732985844,0.3616113253593745,0.0,0.0,-0.8172036279052299
Medium Adoption,0,0.0,0.0,0.0,0.0,0.0,0.0,0.0,0.0,0.0,0.0,100.0,100.0,100.0,100.0,100.0,100.0,100.0,100.0,100.0,0.0,0.0,0.0,0.0
Medium Adoption,1,0.005443666396799147,0.004763208097199254,0.004309569230799325,0.004763208097199254,0.0038559303643993965,0.004763208097199254,0.004082749797599361,0.003402291497999467,0.004082749797599361,0.0013609165991997868,100.16573541538284,100.16491534250882,100.11831763400683,100.06330999190398,99.98932696680238,100.04815297975799,100.12500254736761,100.14345470121363,100.09601188016318,0.013718039319933853,0.0,0.0,-0.07797458492185301
Medium Adoption,2,0.012188202912188154,0.010664677548164634,0.009648993972148955,0.010664677548164634,0.008633310396133275,0.010664677548164634,0.009141152184141115,0.007617626820117596,0.009141152184141115,0.0030470507280470384,100.27070935564322,100.2856011009856,100.19321872780571,100.16564608736564,100.00477974181979,100.12693061022443,100.22252421348003,100.25427924361928,100.23408522749409,0.030714271338714155,0.0,0.0,-0.11414733467047346
Medium Adoption,3,0.02049033544379119,0.01792904351331729,0.016221515559668026,0.01792904351331729,0.01451398760601876,0.01792904351331729,0.01536775158284339,0.012806459652369493,0.01536775158284339,0.005122583860947797,100.3029305819796,100.35332859491109,100.21613505456348,100.31471006331374,100.05151423682948,100.24237664690592,100.2871416637499,100.32603408595158,100.42252084601591,0.051635645318353796,0.0,0.0,-0.10026868343307388
Medium Adoption,4,0.030628394010370034,0.02679984475907378,0.024247478591542946,0.02679984475907378,0.02169511242401211,0.02679984475907378,0.022971295507777524,0.019142746256481272,0.022971295507777524,0.007657098502592509,100.24939876309897,100.35863460364743,100.1777773499039,100.5188518203111,100.13512024637492,100.40104344232746,100.31297517653093,100.35173778357323,100.67031807300197,0.07718355290613249,0.0,0.0,-0.02739484396927455
Medium Adoption,5,0.04288819325651801,0.037527169099453264,0.03395315299474343,0.037527169099453264,0.030379136890033596,0.037527169099453264,0.03216614494238851,0.02680512078532376,0.03216614494238851,0.010722048314129503,100.09676397331013,100.2918014292784,100.0686065500637,100.78664579769554,100.26133788123508,100.60965954958053,100.29398691745605,100.32422115248235,100.98671824862741,0.1080782470064254,0.0,0.0,0.11365848005663623
Medium Adoption,6,0.057540091940786596,0.05034758044818827,0.04555257278645605,0.05034758044818827,0.04075756512472384,0.05034758044818827,0.043155068955589945,0.03596255746299162,0.043155068955589945,0.014385022985196649,99.83239820559909,100.14363687401325,99.87959943147625,101.1262027582236,100.43559684647747,100.87458966443934,100.22446555775088,100.23670269381861,101.3804629727521,0.1450010316907822,0.0,0.0,0.33157892940225125
Medium Adoption,7,0.07480621457194184,0.06545543775044911,0.05922158653612062,0.06545543775044911,0.052987735321792136,0.06545543775044911,0.05610466092895638,0.046753884107463645,0.05610466092895638,0.01870155364298546,99.44592639436888,99.90658870455398,99.60334258866143,101.54418643715825,100.66235814265316,101.2010629680478,100.09971871716773,100.08361078448712,101.85873427115945,0.18851166072129347,0.0,0.0,0.6335041975011326
Medium Adoption,8,0.09481888233662795,0.08296652204454946,0.07506494851649714,0.08296652204454946,0.06716337498844481,0.08296652204454946,0.07111416175247097,0.05926180146039248,0.07111416175247097,0.02370472058415699,98.93116803752667,99.57615800055464,99.23541980201504,102.04456647009884,100.94427922026061,101.59219452167478,99.91695111063873,99.86162636805625,102.4258105288843,0.23894358348830247,0.0,0.0,1.0236862602846184
Medium Adoption,9,0.11757464809861447,0.10287781708628765,0.09307992974473646,0.10287781708628765,0.08328204240318525,0.10287781708628765,0.08818098607396085,0.07348415506163404,0.08818098607396085,0.029393662024653617,98.28828414506054,99.15246196464712,98.77594611970875,102.62723944295843,101.28129084931385,102.04790317398822,99.67623555891677,99.57083591019308,103.08158028852186,0.2962881132085085,0.0,0.0,1.502014348338852
Medium Adoption,10,0.14289242956766937,0.1250308758717107,0.11312317340773825,0.1250308758717107,0.1012154709437658,0.1250308758717107,0.10716932217575202,0.08930776847979335,0.10716932217575202,0.03572310739191734,97.52573276894344,98.64165739469924,98.23096516317904,103.28677288703008,101.66975629381736,102.56392594607222,99.38139742538299,99.21578155834429,103.82018855602131,0.3600889225105268,0.0,0.0,2.062669608620096
Medium Adoption,11,0.1703875815761558,0.14908913387913633,0.13489016874779,0.14908913387913633,0.1206912036164437,0.14908913387913633,0.12779068618211686,0.10649223848509738,0.12779068618211686,0.04259689539403895,96.66148004388039,98.0568222264107,97.6133144648958,104.01162744728468,102.10195059665448,103.13120764960534,99.0405623392037,98.80611149546476,104.62919847096238,0.4293767055719127,0.0,0.0,2.6932919494728016
Medium Adoption,12,0.19947407081055102,0.17453981195923213,0.15791697272501956,0.17453981195923213,0.141294133490807,0.17453981195923213,0.14960555310791326,0.12467129425659439,0.14960555310791326,0.049868517702637755,95.72289860922385,97.41788159244126,96.94255288669785,104.78422212431653,102.56610425544524,103.73595208366505,98.6661102541271,98.35652539050201,105.4896616228745,0.5026746584425886,0.0,0.0,3.3750499229085458
Medium Adoption,13,0.22940227957927367,0.20072699463186447,0.18161013800025833,0.20072699463186447,0.1624932813686522,0.20072699463186447,0.17205170968445527,0.14337642473704604,0.17205170968445527,0.05735056989481842,94.74500185798475,96.7503224943047,96.24369891904175,105.58206838737821,103.04716244821708,104.36051199842873,98.27387684388785,97.88582615388655,106.37734037306318,0.5780937445397698,0.0,0.0,4.083855501430486
Medium Adoption,14,0.2593304883479963,0.2269141773044968,0.20530330327549712,0.2269141773044968,0.18369242924649742,0.2269141773044968,0.19449786626099724,0.1620815552174977,0.19449786626099724,0.06483262208699908,93.76710510674566,96.08276339616813,95.54484495138563,106.37991465043989,103.52822064098892,104.98507191319241,97.88164343364858,97.4151269172711,107.26501912325188,0.6535128306369509,0.00413462297771304,0.0,4.788526456974713
Medium Adoption,15,0.2884169775823916,0.25236485538459263,0.2283301072527267,0.25236485538459263,0.20429535912086075,0.25236485538459263,0.2163127331867937,0.18026061098899476,0.2163127331867937,0.0721042443955979,92.82852367208912,95.44382276219869,94.87408337318769,107.15250932747175,103.9923742997797,105.58981634725214,97.50719134857198,96.96554081230835,108.12548227516399,0.726810783507627,0.05910808763072008,0.0,5.415310965757456
Medium Adoption,16,0.315912129590878,0.27642311339201825,0.25009710259277845,0.27642311339201825,0.22377109179353863,0.27642311339201825,0.23693409719315853,0.19744508099429878,0.23693409719315853,0.0789780323977195,91.96427094702608,94.85898759391014,94.25643267490445,107.87736388772635,104.4245686026168,106.15709805078525,97.16635626239271,96.55587074942882,108.93449219010506,0.7960985665690128,0.11107392492675941,0.0,5.993967469314116
Medium Adoption,17,0.34122991105993294,0.2985761721774413,0.27014034625578026,0.2985761721774413,0.24170452033411918,0.2985761721774413,0.2559224332949497,0.21326869441245808,0.2559224332949497,0.08530747776498324,91.20171957090896,94.34818302396228,93.71145171837473,108.53689733179799,104.81303404712031,106.67312082286925,96.87151812885891,96.20081639758001,109.6731004576045,0.859899375871031,0.15892453190327321,0.0,6.506772122618848
Medium Adoption,18,0.3639856768219194,0.3184874672191795,0.28815532748401956,0.3184874672191795,0.2578231877488596,0.3184874672191795,0.27298925761643955,0.22749104801369963,0.27298925761643955,0.09099641920547985,90.55883567844285,93.92448698805474,93.25197803606844,109.11957030465759,105.15004567617355,107.12882947518268,96.63080257713695,95.91002593971686,110.32887021724207,0.9172439055912371,0.20193292919342767,0.0,6.942091813382927
Medium Adoption,19,0.38399834458660564,0.33599855151327995,0.3039986894643962,0.33599855151327995,0.27199882741551235,0.33599855151327995,0.2879987584399542,0.2399989653666285,0.2879987584399542,0.09599958614665141,90.04407732160064,93.59405628405541,92.88405524942203,109.61995033759817,105.431966753781,107.51996102880967,96.44803497060795,95.68804152328596,110.89594647496692,0.9676758283582463,0.23975687126868467,0.0,7.294449934091154
Medium Adoption,20,0.4012644672177608,0.3511064088155407,0.3176677032140607,0.3511064088155407,0.28422899761258064,0.3511064088155407,0.30094835041332063,0.25079029201110054,0.30094835041332063,0.1003161168044402,89.65760551037043,93.35700811459613,92.60779840660723,110.03793401653283,105.6587280499567,107.84643433241813,96.32328813002479,95.5349496139545,111.37421777337427,1.0111864573887575,0.27238984304156794,0.0,7.563742230417156
Medium Adoption,21,0.4159163659020294,0.36392682016427574,0.3292671230057733,0.36392682016427574,0.29460742584727084,0.36392682016427574,0.311937274426522,0.25994772868876836,0.311937274426522,0.10397909147550735,89.39323974265938,93.208843559331,92.41879128801976,110.37749097706089,105.8329870151991,108.11136444727694,96.25376677031963,95.44743115529076,111.76796249749894,1.0481092420731144,0.3000819315548355,0.0,7.753970591249503
Medium Adoption,22,0.42817616514817736,0.3746541445046552,0.33897279740897374,0.3746541445046552,0.30329145031329235,0.3746541445046552,0.32113212386113305,0.26761010321761086,0.32113212386113305,0.10704404128704434,89.24060495287054,93.14201038496198,92.30962048817958,110.64528495444532,105.95920465005923,108.31998055453,96.23477851124476,95.41991452419988,112.08436267312439,1.0790039361734072,0.32325295213005517,0.0,7.871852894700188
Medium Adoption,23,0.4383142237147562,0.3835249457504117,0.3469987604408487,0.3835249457504117,0.3104725751312857,0.3835249457504117,0.32873566778606716,0.27394638982172265,0.32873566778606716,0.10957855592868905,89.18707313398993,93.14731639369829,92.27126278352002,110.84942671144269,106.04281065960468,108.47864734995154,96.26061202402578,95.44561822182153,112.33215990011044,1.1045518437611859,0.34241388282088925,0.0,7.925565803473155
Medium Adoption,24,0.44661635624635926,0.39078931171556436,0.3535712820283678,0.39078931171556436,0.3163532523411712,0.39078931171556436,0.33496226718476946,0.27913522265397456,0.33496226718476946,0.11165408906158981,89.2192943603263,93.21504388762379,92.29417911027775,110.99849068739077,106.08954515461438,108.59409338663303,96.32522947429567,95.51737306415382,112.52059551863228,1.1254732177408255,0.358104913305619,0.0,7.923753424225824
Medium Adoption,25,0.45336089276174824,0.3966907811665297,0.35891070676971737,0.3966907811665297,0.32113063237290507,0.3966907811665297,0.34002066957131116,0.28335055797609265,0.34002066957131116,0.11334022319043706,89.32426830058668,93.33572964610056,92.36908020407665,111.10082678285245,106.10499792963178,108.6728710170995,96.42275114040807,95.62819760655948,112.6586688659632,1.1424694497596057,0.37085208731970404,0.0,7.874833500463125
Medium Adoption,26,0.4588045591585474,0.401453989263729,0.3632202760005167,0.401453989263729,0.3249865627373045,0.401453989263729,0.34410341936891053,0.28675284947409213,0.34410341936891053,0.11470113978963685,89.49000371596952,93.50064498860938,92.48739783808348,111.16413677475643,106.09432489643416,108.72102399685747,96.54775368777568,95.77165230777311,112.75468074612637,1.1561874890795396,0.3811406168096546,0.0,7.786570386051318
Medium Adoption,27,0.4631752583387322,0.4052783510463907,0.36668041285149633,0.4052783510463907,0.328082474656602,0.4052783510463907,0.34738144375404917,0.28948453646170763,0.34738144375404917,0.11579381458468305,89.70585564176172,93.70204121648311,92.6415257529448,111.19525775016197,106.06210310496954,108.74391754005765,96.69542266759429,95.9420206033368,112.81600001961901,1.1672016510136052,0.3894012382602038,0.0,7.665856719382033
Medium Adoption,28,0.4666697080791854,0.4083359945692872,0.36944685222935514,0.4083359945692872,0.330557709889423,0.4083359945692872,0.350002281059389,0.2916685675494909,0.350002281059389,0.11666742701979635,89.96263571846805,93.9332299253077,92.82489849285719,111.20009124237556,106.01228330392364,108.74618271103083,96.86160241682721,96.13436815568043,112.84898722789367,1.1760076643595472,0.3960057482696604,0.0,7.5186419837198635
Medium Adoption,29,0.4694541728041784,0.4107724012036561,0.37165122013664126,0.4107724012036561,0.3325300390696264,0.4107724012036561,0.3520906296031338,0.2934088580026115,0.3520906296031338,0.1173635432010446,90.25257801193817,94.18855812465794,93.03196698266055,111.18362518412535,105.94820463715058,108.73173365143171,97.04278059951173,96.34452449882853,112.85901825400178,1.1830245154665298,0.40126838659989716,0.0,7.34995463874637
Medium Adoption,30,0.47166694612092325,0.41270857785580783,0.3734029990123976,0.41270857785580783,0.33409742016898736,0.41270857785580783,0.3537502095906925,0.29479184132557706,0.3537502095906925,0.11791673653023081,90.56922305826853,94.4633238318886,93.25811567321419,111.15000838362769,105.87264450126189,108.70382602326339,97.2360357631955,96.56902076813351,112.85056459124317,1.1886007042247266,0.4054505281685449,0.0,7.1639772017446735
High Adoption,0,0.0,0.0,0.0,0.0,0.0,0.0,0.0,0.0,0.0,0.0,100.0,100.0,100.0,100.0,100.0,100.0,100.0,100.0,100.0,0.0,0.0,0.0,0.0
High Adoption,1,0.008165499595198722,0.007485041295598829,0.0070314024291988995,0.007485041295598829,0.006350944129599007,0.007258221862398864,0.00657776356279897,0.005897305263199077,0.006804582995998934,0.0027218331983995736,100.02057097813487,100.06670252793324,100.01760980566604,100.16333736194517,100.05918735222797,100.12436430931317,100.05763717570723,100.07019202429004,100.20488520809916,0.031936176194555,0.0,0.0,0.013549324568660613
High Adoption,2,0.01828230436828223,0.016758779004258713,0.01574309542824303,0.016758779004258713,0.014219570064219514,0.01625093721625087,0.01472741185222735,0.013203886488203833,0.015235253640235192,0.006094101456094077,99.9456906113182,100.06570560677821,99.96773697393023,100.3896043158771,100.16119501252619,100.29756545099507,100.0716952024417,100.09024634609275,100.47784928573785,0.07150412375150383,0.0,0.0,0.09077190520856587
High Adoption,3,0.03073550316568678,0.028174211235212885,0.026466683281563617,0.028174211235212885,0.02390539135108972,0.027320447258388253,0.02475915532791435,0.022197863397440454,0.025612919304738985,0.010245167721895595,99.75652163681183,99.98364879294603,99.83706384885333,100.6912199770934,100.31447354169146,100.529241343119,100.033573762633,100.05026832143722,100.83232755489175,0.1202099679369083,0.0,0.0,0.24423361885543293
High Adoption,4,0.04594259101555505,0.0421140417642588,0.03956167559672796,0.0421140417642588,0.03573312634543171,0.04083785868049338,0.03700930942919712,0.03318076017790087,0.038285492512962545,0.015314197005185017,99.43264158948911,99.806047328377,99.61115206071206,101.08164856025165,100.52818463617467,100.82984095847264,99.9339488006526,99.93953064751699,101.28288595320937,0.1796865781941709,0.0,0.0,0.48755779216090855
High Adoption,5,0.06433228988477702,0.058971265727712274,0.05539724962300244,0.058971265727712274,0.05003622546593769,0.057184257675357356,0.0518232335182926,0.04646220936122785,0.05361024157064752,0.021444096628259007,98.95307881980298,99.51802694260871,99.27517497481813,101.57471634878407,100.81173636136039,101.21009425517177,99.76324552590665,99.7470175515717,101.84448211375778,0.2516107337715724,0.0,0.0,0.8347340992623687
High Adoption,6,0.08631013791117989,0.07911762641858157,0.07432261875684935,0.07911762641858157,0.06713010726425103,0.07672012258771546,0.06952761109511713,0.06233509960251881,0.07192511492598325,0.028770045970393298,98.29799575384477,99.10551771524823,98.8151077305717,102.18350194763556,101.17402802638422,101.68015095161036,99.51240691998365,99.46230895644885,102.53126481156782,0.337568539385948,0.0,0.0,1.2989957001950376
High Adoption,7,0.11220932185791276,0.10285854503642003,0.09662469382209153,0.10285854503642003,0.08727391700059882,0.09974161942925579,0.09039084260776305,0.08104006578627032,0.09350776821492729,0.03740310728597092,97.45109400578377,98.55695991665186,98.2194276190805,102.91875062991768,101.62237122965975,102.24834997205498,99.17399181183995,99.07684381337307,103.35485856259828,0.43886312548872547,0.0,0.0,1.891214849247975
High Adoption,8,0.14222832350494194,0.13037596321286346,0.12247438968481111,0.13037596321286346,0.11062202939273263,0.12642517644883727,0.11457281615675878,0.1027204558646803,0.11852360292078495,0.04740944116831398,96.40266450854992,97.86546733173131,97.48127047878742,103.78686343303438,102.16112154358068,102.91965887438758,98.74356744172296,98.58552224327579,104.32218817561686,0.5562707763748841,0.0,0.0,2.6178682274368215
High Adoption,9,0.1763619721479217,0.1616651411355949,0.1518672537940437,0.1616651411355949,0.1371704227817169,0.1567661974648193,0.14206936645249246,0.1273725354401657,0.14696831012326808,0.058787324049307234,95.15296019576417,97.03121935520127,96.60081512988438,104.78767360177046,102.79016549991273,103.69394824736882,98.22124928869641,97.98847710453256,105.43307325049416,0.689771268845205,0.0,0.0,3.478787108933516
High Adoption,10,0.21433864435150404,0.1964770906555454,0.18456938819157293,0.1964770906555454,0.16670783449561427,0.19052323942355917,0.17266168572760046,0.1548001320316418,0.1786155369595867,0.07144621478383469,93.71526798047226,96.0636398112492,95.58745521617715,105.912421280336,103.5035424732691,104.56441996001959,97.61310360948308,97.29268761041274,106.6780371473747,0.8383022534636603,0.0,0.0,4.465108119238856
High Adoption,11,0.2555813723642337,0.23428292466721423,0.22008395953586793,0.23428292466721423,0.19878551183884846,0.22718344210154107,0.2058849944045216,0.18458654670750213,0.21298447697019476,0.0851937907880779,92.11781120184958,94.98274627547421,94.46114420573691,107.14249925874654,104.2885912268818,105.51663379167152,96.93201601719878,96.51297862675233,108.03695010248549,0.9996071452467808,0.016511568147007615,0.0,5.541492591400567
High Adoption,12,0.29921110621582653,0.2742768473645077,0.25765400813029504,0.2742768473645077,0.2327197492789762,0.2659654277474014,0.24103116889608248,0.2160969100447636,0.24934258851318877,0.09973703540527551,90.40359005427582,93.81903689823424,93.25228257670265,108.4495581754604,105.12602149751397,106.52858907501277,96.19761862784654,95.67193685417668,109.47914303908551,1.170247882088566,0.129948876161149,0.0,6.5988419764459545
High Adoption,13,0.34410341936891053,0.31542813442150136,0.2963112777898952,0.31542813442150136,0.267635992842486,0.30586970610569825,0.277194421158289,0.24851913621087984,0.2867528494740921,0.11470113978963684,88.62760773587078,92.61152303356197,91.99975674682518,109.79733527464737,105.99115836948442,107.57214391253856,95.43502363409434,94.79845380788215,110.96538596464865,1.3458267068650724,0.24666889035916745,0.0,7.694108020781016
High Adoption,14,0.3889957325219945,0.356579421478495,0.3349685474494953,0.356579421478495,0.30255223640599577,0.34577398446399515,0.3133576734204956,0.2809413623769961,0.3241631104349954,0.12966524417399816,86.85162541746575,91.4040091688897,90.7472309169477,111.14511237383432,106.85629524145487,108.61569875006435,94.67242864034212,93.92497076158764,112.45162889021181,1.5214055316415787,0.3633889045571857,0.0,8.789374065116075
High Adoption,15,0.4326254663735874,0.3965733441757885,0.37253859604392253,0.3965733441757885,0.33648647384612357,0.3845559701098555,0.3485038479120565,0.3124517257142576,0.3605212219779895,0.1442084887911958,85.13740426989202,90.2402997916497,89.53836928791344,112.4521712905482,107.69372551208706,109.62765403340562,93.93803125098988,93.083928989012,113.89382182681183,1.6920462684833646,0.47682621257132723,0.0,9.84672345016147
High Adoption,16,0.47386819438631705,0.4343791781874573,0.40805316738821745,0.4343791781874573,0.36856415118935776,0.4212161727878374,0.3817271565889776,0.3422381403901179,0.39489016198859755,0.157956064795439,83.53994749126933,89.15940625587471,88.4120582774732,113.68224926895873,108.47877426569974,110.57986786505754,93.25694365870558,92.30422000535158,115.25273478192261,1.8533511602664845,0.5840573054044245,0.054189111018107215,10.778199286618976
High Adoption,17,0.5118448665898994,0.4691911277074078,0.4407553017857467,0.4691911277074078,0.3981015629032551,0.45497321474657726,0.41231947586408557,0.369665736981594,0.42653738882491615,0.17061495552996647,82.10225527597743,88.19182671192266,87.39869836376597,114.80699694752425,109.19215123905612,111.45033957770832,92.64879797949224,91.60843051123176,116.49769867880316,2.0018821448849398,0.6827966531337384,0.11495178654383892,11.605018273669273
High Adoption,18,0.5459785152328791,0.5004803056301392,0.47014816589497926,0.5004803056301392,0.4246499562922394,0.4853142357625593,0.4398160261598193,0.3943178165570794,0.45498209602739925,0.1819928384109597,80.85255096319166,87.35757873539261,86.51824301486293,115.80780711626036,109.82119519538819,112.22462895068956,92.1264798264657,91.01138537248853,117.60858375368045,2.135382637355261,0.7715441396054856,0.16956562437260658,12.322575830865459
High Adoption,19,0.5759975168799084,0.5279977238065828,0.49599786175769894,0.5279977238065828,0.4479980686843733,0.5119977927821409,0.4639979997088151,0.4159982066354895,0.479997930733257,0.19199917229330282,79.80412146595782,86.66608615047207,85.78008587456983,116.67591991937704,110.3599455093091,112.89593785302216,91.69605545634872,90.52006380239123,118.57591336669904,2.2527902882414197,0.849593543887762,0.21759602700785366,12.923149402136772
High Adoption,20,0.6018967008266413,0.5517386424244212,0.5182999368229411,0.5517386424244212,0.468141878420721,0.5350192896236812,0.48486123122146096,0.4347031728192409,0.5015805840222011,0.2006322336088804,78.9572197178968,86.11752835187569,85.18440576307866,117.41116860165918,110.80828871258463,113.46413687346677,91.35764034820501,90.13459865931546,119.39950711772948,2.354084874344197,0.9169314221492673,0.25903472132262595,13.406591978613443
High Adoption,21,0.623874548853044,0.5718850031152904,0.537225305956788,0.5718850031152904,0.48523576021903436,0.5545551545360392,0.5025656087982855,0.4505760630605319,0.5198954573775367,0.2079581829510147,78.30213665193858,85.70501912451522,84.72433851883223,118.01995420051068,111.17058037760847,113.93419356990535,91.10680174228202,89.8498900641926,120.08628981553953,2.4400426799585726,0.9740738270179146,0.29419927816487046,13.778546617835216
High Adoption,22,0.6422642477222661,0.5887422270787439,0.5530608799830624,0.5887422270787439,0.49953885933954034,0.5709015535309032,0.5173795328873809,0.46385751224385885,0.5352202064352217,0.21408808257408868,77.82257388225248,85.41699873874694,84.3883614329383,118.51302198904307,111.45413210279418,114.31444686660448,90.93609846753606,89.65737696824732,120.64788597608793,2.511966835535974,1.021887044077892,0.32362279635562574,14.048486189685935
High Adoption,23,0.6574713355721343,0.6026820576077898,0.5661558722982268,0.6026820576077898,0.5113665943338823,0.5844189649530084,0.5296296869886638,0.4748404090243193,0.5478927796434453,0.2191571118573781,77.49869383492975,85.23939727417789,84.16244964479702,118.90345057220134,111.66784319727739,114.61504648195813,90.83647350555566,89.5466392943271,121.09844437440557,2.571443445793237,1.0614254724875494,0.3479541369154148,14.227940594021971
High Adoption,24,0.6699245343695389,0.614097489838744,0.5768794601515475,0.614097489838744,0.5210524156207526,0.5954884749951458,0.5396614304643508,0.48383438593355593,0.5582704453079491,0.22330817812317963,77.30952486042338,85.15734046034572,84.03177651972011,119.20506623341763,111.82112172644267,114.84672237408208,90.79835206574697,89.50666126967157,121.45292264355948,2.620149289978641,1.0938037893608015,0.3678792549912622,14.329098872719737
High Adoption,25,0.6800413391426223,0.6233712275474039,0.5855911531505915,0.6233712275474039,0.528921041555373,0.6044811903489977,0.5478110787537791,0.49114096715856065,0.5667011159521853,0.22668044638087412,77.23464449360672,85.15634353919069,83.98190368798431,119.43133318734957,111.92312938674088,115.01992351576396,90.81241009248143,89.52671559147429,121.72588672119817,2.65971723753559,1.120107481770818,0.3840661426281959,14.363830873312686
High Adoption,26,0.6882068387378211,0.6308562688430027,0.5926225555797904,0.6308562688430027,0.535271985684972,0.6117394122113966,0.5543888423165781,0.49703827242175974,0.5735056989481843,0.2294022795792737,77.2552154717416,85.22304606712393,83.99951349365035,119.59467054929473,111.98231673896885,115.14428782507713,90.87004726818866,89.59690761576432,121.93077192929732,2.691653413730145,1.141337780718335,0.3971309419805138,14.343085099581515
High Adoption,27,0.6947628875080983,0.6368659802157568,0.5982680420208625,0.6368659802157568,0.5403711347285209,0.6175670111183097,0.559670103825968,0.5017731965336266,0.5789690729234153,0.2315876291693661,77.35451541939553,85.34558759728847,84.07278347367826,119.70610312213617,112.00618558698328,115.22837115679991,90.96362884565247,89.70845358486136,122.07950518639365,2.7172948489205626,1.1583835075210558,0.40762062001295735,14.276580850619135
High Adoption,28,0.700004562118778,0.6416708486088799,0.6027817062689478,0.6416708486088799,0.5444479927590496,0.6222262774389139,0.5638925639290157,0.5055588504191175,0.5833371350989818,0.2333348540395927,77.51811016968978,85.5137306087124,84.19150889339227,119.77514712833059,112.00121122427319,115.27955862413943,91.08656477934728,89.8537716677814,122.18238138947737,2.7377956207312213,1.1720118615088229,0.4160072993900448,14.17270748388366
High Adoption,29,0.7041812592062676,0.6454994876057454,0.6063783065387305,0.6454994876057454,0.5476965349382082,0.6259388970722379,0.5672571254717156,0.5085753538711933,0.586817716005223,0.2347270864020892,77.73380007049342,85.71882242364921,84.34706478578325,119.80984560940213,111.97286652147088,115.30409207069022,91.23328521106001,90.02645375650562,122.24810171008535,2.7541311471178473,1.1828712739362957,0.42269001473002815,14.038555622855533
High Adoption,30,0.707500419181385,0.6485420509162696,0.6092364720728592,0.6485420509162696,0.5502781038077439,0.6288892614945644,0.5699308932294489,0.5109725249643335,0.5895836826511541,0.23583347306046162,77.99143782837724,85.95366601229028,84.5322771699771,119.81688851859967,111.92570364314706,115.30716326895632,91.39915730494907,90.22116978492275,122.28390351366164,2.7671127505760835,1.1915010898716007,0.42800067069021597,13.88002302890364
Integrated Planetary Cooling Scenario,0,0.0,0.0,0.0,0.0,0.0,0.0,0.0,0.0,0.0,0.0,100.0,100.0,100.0,100.0,100.0,100.0,100.0,100.0,100.0,0.0,0.0,0.0,0.0
Integrated Planetary Cooling Scenario,1,0.009753235627598472,0.009753235627598472,0.009299596761198544,0.009526416194398509,0.008165499595198722,0.00861913846159865,0.00861913846159865,0.008165499595198722,0.00907277732799858,0.007258221862398864,99.90171759513808,100.00341990607045,99.94525440647526,100.24658009392955,100.11725312712716,100.18492509797755,100.01408784453282,100.02460131821684,100.30650031417274,0.05095271747404002,0.0,0.0,0.08100088761366989
Integrated Planetary Cooling Scenario,2,0.021837196884337107,0.021837196884337107,0.020821513308321427,0.02132935509632927,0.01828230436828223,0.01929798794429791,0.01929798794429791,0.01828230436828223,0.02031367152031359,0.01625093721625087,99.67958151440209,99.92401774792403,99.80573544355573,100.57598225207597,100.2912025102562,100.43315920839316,99.9741895791442,99.98817014670317,100.70536240676536,0.11408157925808111,0.0,0.0,0.24179389612633956
Integrated Planetary Cooling Scenario,3,0.036711851003459216,0.036711851003459216,0.035004323049809945,0.03585808702663458,0.03073550316568678,0.03244303111933605,0.03244303111933605,0.03073550316568678,0.034150559072985316,0.027320447258388253,99.30914931295573,99.74544864341196,99.56471314024628,101.00455135658804,100.53303711975856,100.75719632493117,99.86965107908266,99.87866176209546,101.21481381650918,0.19178953975388552,0.0,0.0,0.4981259502835403
Integrated Planetary Cooling Scenario,4,0.05487587260191298,0.05487587260191298,0.05232350643438214,0.05359968951814756,0.04594259101555505,0.04849495718308589,0.04849495718308589,0.04594259101555505,0.05104732335061673,0.04083785868049338,98.76392165359603,99.44999224800645,99.20404965699089,101.55000775199355,100.85488750561862,101.17058184183801,99.68892164856963,99.68301784768015,101.85461597473628,0.2866817679370635,0.0,0.0,0.8670691176110674
Integrated Planetary Cooling Scenario,5,0.07684134625126145,0.07684134625126145,0.07326733014655161,0.07505433819890653,0.06433228988477702,0.06790630598948685,0.06790630598948685,0.06433228988477702,0.07148032209419669,0.057184257675357356,98.01668660036901,99.01945169600168,98.7051194061169,102.23054830399832,101.26921042276325,101.68722540515054,99.42013997985451,99.38782893304837,102.64506172121277,0.4014334888810086,0.0,0.0,1.3661545538716737
Integrated Planetary Cooling Scenario,6,0.10309266472724264,0.10309266472724264,0.09829765706551043,0.10069516089637653,0.08631013791117989,0.0911051455729121,0.0911051455729121,0.08631013791117989,0.09590015323464433,0.07672012258771546,97.04170374647094,98.43661414643658,98.0503040085254,103.06338585356342,101.78778900708595,102.32028447445161,99.05208618445735,98.98041068644477,103.60534652779585,0.5385752605657624,0.0,0.0,2.011965389417998
Integrated Planetary Cooling Scenario,7,0.13402780110806245,0.13402780110806245,0.12779394989373397,0.13091087550089822,0.11220932185791276,0.11844317307224124,0.11844317307224124,0.11220932185791276,0.12467702428656974,0.09974161942925579,95.8178249876297,97.68733767225304,97.22512835039512,104.06266232774696,102.4203041850938,103.08056910916784,98.57554209526442,98.45034176633305,104.75124123460787,0.7001861683933756,0.0,0.0,2.818126186306482
Integrated Planetary Cooling Scenario,8,0.1698838308531251,0.1698838308531251,0.16198225732507276,0.16593304408909892,0.14222832350494194,0.15012989703299429,0.15012989703299429,0.14222832350494194,0.1580314705610466,0.12642517644883727,94.33245224420021,96.76319782456801,96.22096950106308,105.23680217543199,103.17252295517137,103.97451894038257,97.98501638302994,97.79141410370653,106.09214064590059,0.8875047386708378,0.0,0.0,3.792753195322922
Integrated Planetary Cooling Scenario,9,0.21065457784335093,0.21065457784335093,0.20085669050179972,0.2057556341725753,0.1763619721479217,0.18615985948947292,0.18615985948947292,0.1763619721479217,0.19595774683102413,0.1567661974648193,92.58591371227774,95.66441407105488,95.03805209890696,106.58558592894511,104.04429507963128,105.0019662074659,97.2806521039075,97.00378942670666,107.62780001500163,1.1004987062030314,0.0,0.0,4.935634977748765
Integrated Planetary Cooling Scenario,10,0.2560156029754076,0.2560156029754076,0.24410790051143516,0.2500617517434214,0.21433864435150404,0.2262463468154765,0.2262463468154765,0.21433864435150404,0.23815404927944894,0.19052323942355917,90.59544993491149,94.40251531752506,93.68817667317354,108.09748468247494,105.0277283886576,106.15409823895992,96.46996417294173,96.09596351278351,109.34536249930453,1.3374731407533853,0.058071509623591366,0.0,6.177592888983326
Integrated Planetary Cooling Scenario,11,0.30527775032394583,0.30527775032394583,0.2910787851925995,0.29817826775827266,0.2555813723642337,0.26978033749558,0.26978033749558,0.2555813723642337,0.28397930262692633,0.22718344210154107,88.39768233743683,93.00199063965141,92.19640926728718,109.74800936034859,106.10605876369414,107.41219563670626,95.56891536458953,95.08598263105202,111.21751829190707,1.5948277635528185,0.22510455807514648,0.0,7.444143726852316
Integrated Planetary Cooling Scenario,12,0.35739104353557055,0.35739104353557055,0.34076820430135796,0.34907962391846425,0.29921110621582653,0.3158339454500391,0.3158339454500391,0.29921110621582653,0.3324567846842517,0.2659654277474014,86.04840617491213,91.50015082506158,90.60093971884575,111.49984917493842,107.25374491949319,108.74773811278016,94.60182606136213,94.00134151113832,113.20265902754913,1.8670773027867573,0.40180498017409744,0.12488649919846195,8.673749338969614
Integrated Planetary Cooling Scenario,13,0.411012417579532,0.411012417579532,0.3918955609479259,0.40145398926372894,0.34410341936891053,0.36322027600051665,0.36322027600051665,0.34410341936891053,0.3823371326321228,0.30586970610569825,83.61899129838997,89.9447215334529,88.95061811408401,113.3052784665471,108.43811601833,110.12424427285798,93.59980539746014,92.87720971640574,115.24756185012842,2.147205336862002,0.5836188484440876,0.3020614951093001,9.89758198014031
Integrated Planetary Cooling Scenario,14,0.46463379162349344,0.46463379162349344,0.44302291759449375,0.4538283546089936,0.3889957325219945,0.41060660655099424,0.41060660655099424,0.3889957325219945,0.43221748057999393,0.34577398446399515,81.18957642186784,88.38929224184423,87.30029650932224,115.11070775815577,109.62248711716683,111.50075043293582,92.59778473355816,91.75307792167317,117.29246467270774,2.4273333709372458,0.7654327167140778,0.47923649102013827,11.12141462131101
Integrated Planetary Cooling Scenario,15,0.5167470848351183,0.5167470848351183,0.4927123367032523,0.5047297107691853,0.4326254663735874,0.4566602145054534,0.4566602145054534,0.4326254663735874,0.48069496263731937,0.3845559701098555,78.84030025934312,86.8874524272544,85.70482696088081,116.8625475727456,110.7701732729659,112.83629290900973,91.63069543033075,90.66843680175947,119.2776054083498,2.6995829101711855,0.9421331388130294,0.6514285072877583,12.30371471635916
Integrated Planetary Cooling Scenario,16,0.5660092321836565,0.5660092321836565,0.5396832213844166,0.5528462267840365,0.47386819438631705,0.5001942051855569,0.5001942051855569,0.47386819438631705,0.5265202159847967,0.4212161727878374,76.64253266186849,85.48692774938075,84.21305955499444,118.51307225061925,111.84850364800243,114.09439030675605,90.72964662197856,89.65845592002798,121.14976120095234,2.9569375329706187,1.1091661872645844,0.8141998071779978,13.407494254337902
Integrated Planetary Cooling Scenario,17,0.6113702573157132,0.6113702573157132,0.5829344313940521,0.5971523443548826,0.5118448665898994,0.5402806925115605,0.5402806925115605,0.5118448665898994,0.5687165184332216,0.45497321474657726,74.65206888450223,84.22502899585093,82.86318412926103,120.02497100414905,112.83193695702874,115.24652233825007,89.91895869101279,88.75063000610481,122.86732368525523,3.193911967520972,1.262971709689093,0.9640810734748031,14.403836886474734
Integrated Planetary Cooling Scenario,18,0.652141004305939,0.652141004305939,0.621808864570779,0.636974934438359,0.5459785152328791,0.5763106549680391,0.5763106549680391,0.5459785152328791,0.6066427947031992,0.4853142357625593,72.90553035257976,83.12624524233779,81.68026672710492,121.37375475766221,113.70370908148865,116.27396960533342,89.21459441189033,87.96300532910496,124.40298305435628,3.4069059350531656,1.401212986693161,1.0987952067857627,15.273763258585564
Integrated Planetary Cooling Scenario,19,0.6879970340510018,0.6879970340510018,0.6559971720021179,0.6719971030265599,0.5759975168799084,0.6079973789287924,0.6079973789287924,0.5759975168799084,0.6399972409776762,0.5119977927821409,71.42015760915025,82.20210539465278,80.67610787777286,122.54789460534721,114.45592785156623,117.16791943654815,88.62406869965587,87.3040776664784,125.74388246564901,3.5942245053306285,1.5227899433636298,1.2172701999527054,16.00833831776459
Integrated Planetary Cooling Scenario,20,0.7189321704318214,0.7189321704318214,0.6854934648303413,0.7022128176310815,0.6018967008266413,0.6353354064281214,0.6353354064281214,0.6018967008266413,0.6687741120296015,0.5350192896236812,70.19627885030903,81.45282892046923,79.85093221964259,123.54717107953077,115.08844302957408,117.92820407126436,88.14752461046292,86.77400874636672,126.88977717246102,3.755835413158241,1.6276816383478971,1.319485645929144,16.607391973692362
Integrated Planetary Cooling Scenario,21,0.7451834889078027,0.7451834889078027,0.7105237917493002,0.7278536403285515,0.623874548853044,0.6585342460115466,0.6585342460115466,0.623874548853044,0.6931939431700491,0.5545551545360392,69.22129599641094,80.86999137090412,79.19611682205108,124.38000862909588,115.60702161389679,118.56126314056543,87.77947081506579,86.36659049976312,127.85006197904409,3.8929771848429953,1.7166919228548287,1.4062248861400142,17.077453284520896
Integrated Planetary Cooling Scenario,22,0.7671489625571511,0.7671489625571511,0.7314676154614697,0.7493082890093103,0.6422642477222661,0.6779455948179475,0.6779455948179475,0.6422642477222661,0.713626941913629,0.5709015535309032,68.47406094318394,80.43945081889937,78.6971865711771,125.06054918110063,116.0213445310414,119.07790670387796,87.51068914635064,86.07140158513134,128.6405077255206,4.007728905786941,1.7911702032751777,1.4788028976772098,17.429482428823942
Integrated Planetary Cooling Scenario,23,0.7853129841556049,0.7853129841556049,0.7487867988460418,0.7670498915008234,0.6574713355721343,0.6939975208816974,0.6939975208816974,0.6574713355721343,0.7305237061912604,0.5844189649530084,67.92883328382425,80.14399442349385,78.33652308792173,125.60600557650615,116.34319491690145,119.4912922207848,87.32995971583762,85.87575767071601,129.2803098837477,4.102621133970119,1.8527589090671444,1.5388202043913568,17.67681958364536
Integrated Planetary Cooling Scenario,24,0.800187638274727,0.800187638274727,0.7629696085875304,0.7815786234311287,0.6699245343695389,0.7071425640567356,0.7071425640567356,0.6699245343695389,0.7443605937439322,0.5954884749951458,67.55840108237788,79.9654253189818,78.09550078461226,126.0345746810182,116.58502952640383,119.81532933732282,87.2254212157761,85.7662492861083,129.7897612934915,4.180329094465923,1.9031943641966333,1.5879688289784468,17.83356755808598
Integrated Planetary Cooling Scenario,25,0.8122715995314657,0.8122715995314657,0.7744915251346532,0.7933815623330595,0.6800413391426223,0.7178214135394347,0.7178214135394347,0.6800413391426223,0.7556014879362472,0.6044811903489977,67.33626500164189,79.88602316083536,77.95598182169275,126.36397683916464,116.75897890953286,120.06356344773842,87.18552295038745,85.72981811459465,130.18862338608415,4.243457956249964,1.9441674235276207,1.6278964851495494,17.913459851096558
Integrated Planetary Cooling Scenario,26,0.8220248351590641,0.8220248351590641,0.7837911218958518,0.802907978527458,0.6882068387378211,0.7264405520010334,0.7264405520010334,0.6882068387378211,0.7646742652642458,0.6117394122113966,67.23798259677997,79.88944306690581,77.90123622816799,126.61055693309419,116.87623203666001,120.24848854571597,87.19961079492028,85.75441943281149,130.49512370025687,4.294410673724004,1.9772376968881757,1.6601229902186008,17.92916396028063
Integrated Planetary Cooling Scenario,27,0.8298556711902285,0.8298556711902285,0.7912577329953342,0.8105567020927814,0.6947628875080983,0.7333608257029927,0.7333608257029927,0.6947628875080983,0.7719587638978871,0.6175670111183097,67.24185561233321,79.96117521910071,77.91641233159261,126.78882478089929,116.94672167592975,120.3811959058183,87.25822677894261,85.82936079627449,130.72544334205,4.335320418050533,2.003789694407798,1.6859975293652947,17.891925184578902
Integrated Planetary Cooling Scenario,28,0.8361165603085405,0.8361165603085405,0.7972274179686083,0.8166719891385744,0.700004562118778,0.7388937044587103,0.7388937044587103,0.700004562118778,0.7777828467986424,0.6222262774389139,67.32915487662757,80.08869525229186,77.98869069017309,126.91130474770814,116.97902144378449,120.47125912652035,87.3532071147138,85.94541286261821,130.89354927362217,4.3680284676211745,2.0250184765810517,1.7066846718287774,17.811450070897205
Integrated Planetary Cooling Scenario,29,0.8411053929408197,0.8411053929408197,0.8019842118738048,0.8215448024073122,0.7041812592062676,0.7433024402732825,0.7433024402732825,0.7041812592062676,0.7824236213402974,0.6259388970722379,67.48405063093553,80.26141766480065,78.10723640559438,126.98858233519935,116.98037769804877,120.5267697431367,87.47765182862659,86.09477505927063,131.01124626909666,4.394091057447111,2.0419340997853843,1.723168703000736,17.69594252159017
Integrated Planetary Cooling Scenario,30,0.8450699451333209,0.8450699451333209,0.8057643662899105,0.8254171557116157,0.707500419181385,0.7468059980247952,0.7468059980247952,0.707500419181385,0.7861115768682055,0.6288892614945644,67.69337617140376,80.47053776363455,78.26303734445317,127.02946223636545,116.95681773510358,120.5544580445516,87.62582173598169,86.27095911116002,131.08835317458554,4.414802615691842,2.0553766976846086,1.7362683210358658,17.55222628897166
