scenario,model,air_temp_c,relative_humidity,estimated_temp_reduction_c,estimated_wbgt_reduction_c,soil_cooling_potential_c,water_cycle_score,cooling_score,recommended_use,limitations
Japan rainy season / 梅雨,Mist Evaporative Cooling,29.0,85,0.68,0.54,0.0,0.09,1.54,Limited by high humidity; consider dehumidification supplement,Effectiveness drops sharply above 70% RH; may worsen WBGT in humid climates
Japan rainy season / 梅雨,Dehumidification + Airflow Cooling,29.0,85,0.6,1.89,0.0,0.42,3.76,Primary strategy for rainy season / high-humidity WBGT reduction,Energy cost of dehumidification; less effective in dry regions
Japan rainy season / 梅雨,Rainwater + Humus + Soil Moisture,29.0,85,0.54,0.53,1.8,1.02,3.95,Rainy season is a resource-loading period; primes summer cooling via soil moisture,"Effect is indirect and delayed; requires ecosystem preparation (humus, ground cover)"
Japan midsummer / 真夏,Mist Evaporative Cooling,35.0,62,1.79,1.3,0.0,0.23,3.88,Limited by high humidity; consider dehumidification supplement,Requires consistent water supply
Japan midsummer / 真夏,Dehumidification + Airflow Cooling,35.0,62,0.68,2.43,0.0,0.31,4.46,Useful supplement; most effective above 70% RH,Energy cost of dehumidification; less effective in dry regions
Japan midsummer / 真夏,Rainwater + Humus + Soil Moisture,35.0,62,0.6,0.56,2.01,0.35,3.43,Supplemental value in low-rainfall season; depends on prior soil preparation,"Effect is indirect and delayed; requires ecosystem preparation (humus, ground cover)"
Dry hot region / 乾燥高温地域,Mist Evaporative Cooling,38.0,28,3.6,1.94,0.0,0.43,6.84,High effectiveness in dry conditions,Requires consistent water supply
Dry hot region / 乾燥高温地域,Dehumidification + Airflow Cooling,38.0,28,0.8,0.0,0.0,0.14,0.97,Useful supplement; most effective above 70% RH,Energy cost of dehumidification; less effective in dry regions
Dry hot region / 乾燥高温地域,Rainwater + Humus + Soil Moisture,38.0,28,0.43,0.35,1.43,0.15,2.24,Supplemental value in low-rainfall season; depends on prior soil preparation,"Effect is indirect and delayed; requires ecosystem preparation (humus, ground cover)"
Humid tropical city / 高湿度熱帯都市,Mist Evaporative Cooling,32.0,78,1.0,0.78,0.0,0.13,2.25,Limited by high humidity; consider dehumidification supplement,Effectiveness drops sharply above 70% RH; may worsen WBGT in humid climates
Humid tropical city / 高湿度熱帯都市,Dehumidification + Airflow Cooling,32.0,78,0.62,2.06,0.0,0.39,3.97,Primary strategy for rainy season / high-humidity WBGT reduction,Energy cost of dehumidification; less effective in dry regions
Humid tropical city / 高湿度熱帯都市,Rainwater + Humus + Soil Moisture,32.0,78,0.81,0.79,2.71,0.74,4.97,Rainy season is a resource-loading period; primes summer cooling via soil moisture,"Effect is indirect and delayed; requires ecosystem preparation (humus, ground cover)"
